{
  "project_info": {
    "project_number": "437528929559",
    "project_id": "storage-503f1",
    "storage_bucket": "storage-503f1.appspot.com"
  },
  "client": [
    {
      "client_info": {
        "mobilesdk_app_id": "1:437528929559:android:c65250ab54b07a6685c352",
        "android_client_info": {
          "package_name": "com.example.bus"
        }
      },
      "oauth_client": [
        {
          "client_id": "437528929559-6fg0nqbqvg8j5bppkdmgbqbldirm1sgk.apps.googleusercontent.com",
          "client_type": 3
        }
      ],
      "api_key": [
        {
          "current_key": "AIzaSyBJfIS4sg0YiKJvytHA32mo45UxqJ9GbNg"
        }
      ],
      "services": {
        "appinvite_service": {
          "other_platform_oauth_client": [
            {
              "client_id": "437528929559-6fg0nqbqvg8j5bppkdmgbqbldirm1sgk.apps.googleusercontent.com",
              "client_type": 3
            }
          ]
        }
      }
    },
    {
      "client_info": {
        "mobilesdk_app_id": "1:437528929559:android:fcfd505c73f498e985c352",
        "android_client_info": {
          "package_name": "com.example.farmerswelfare"
        }
      },
      "oauth_client": [
        {
          "client_id": "437528929559-6fg0nqbqvg8j5bppkdmgbqbldirm1sgk.apps.googleusercontent.com",
          "client_type": 3
        }
      ],
      "api_key": [
        {
          "current_key": "AIzaSyBJfIS4sg0YiKJvytHA32mo45UxqJ9GbNg"
        }
      ],
      "services": {
        "appinvite_service": {
          "other_platform_oauth_client": [
            {
              "client_id": "437528929559-6fg0nqbqvg8j5bppkdmgbqbldirm1sgk.apps.googleusercontent.com",
              "client_type": 3
            }
          ]
        }
      }
    }
  ],
  "configuration_version": "1"
}